Frolochkin;Vladimir
Korotchenko;Denis
Kuznetsov;Petr
Goncharov;Leonid
Sotnikov;Sergey
Karev;Maksim
Shatrov;Lev
Terentiev;Anton
Leskova;Daria
Shumilov;Dmitry
Kareva;Aglaia
Dunaev;Maksim
Pronin;Kirill
Shlaev;Viktor Vasiliy
Kuraev;Ilya
Vorobyov;Nikita
Gorshkov;Ignat
Peryakov;Alexander
Platonov;Konstantin
Sirachev;Ruslan
Korabel'nikov;Daniil
Ermolaev;Mark
Migaev;Yury
Khasyanov;Karim
Nikiforov;Sergey
Korabel'nikova;Daryana
Syur-ool;Makar
Slezova;Evgeniya
Avdeev;Miron
Pelipenko;Egor
Minasyan;Konstantin
Platonov;Nikita
Artenyan;Andranik
Sveshnikov;Evgeny
Titov;Denis
Mukhamedov;Alexandr
Danilov;Andrey
Tokarev;Nikolay
Riaposov;Nikita
Mishin;Ivan
Biryukov;Danila
Tsydendambaev;Artur
Krzhevitskiy;Grigoriy
Sokolov;Kirill
Donskoy;Dmitriy
Kopanev;Nikita
Strukov;Georgy
Karpenko;Anton
Adam;Tikhon
Meshkov;Ivan
Korolev;Dmitriy
Sirachev;Timur
Kamaeva;Victoria
Eshkin;Pavel
Yankovskii;Denis
Ishin;Igor
Chernyshev;Pavel
Oganesyan;Robert
Nevolin;Artyom
Puksant;Yuriy
Kiselyov;Anton
Averin;Daniil
Alenevskiy;Mark
Zakharenkov;Maksim
Kalugin;Oleg
Kalenov;Alexander
Ivanov;Mikhail
Lysenka;Andrey
Balabhai;Victor
Dolindo;Nataly
Denisov;Vitaliy
Vetrov;Ivan
Smirnova;Daria
Syuryun;Arzhaana
Tokalov;Egor
Sapach;Oleg
Tokalov;Fedor
Tarkov;Denis
Genke;Sergey
Genke;Victor
Ermakov;Makar
Kilin;Peter
Bol'shakov;Denis
Valkina;Anna
Hegay;Artem
Lyakhin;Matvey
Selifonova;Aleksandra
Muromtsev;Aleksandr
Danilov;Evgeny
Kleymenov;Makar
Noskov;Vladimir
Medvedev;Vladimir
Grischenko;Sergey
Afanasiev;Sergei
Tavasiev;David
Plotnikov;Georgiy
Kudlenok;Alexander
Gerasimov;Dmitry
Gusev;Aleksandr
Samolevich;Miroslav
Medvedev;Ivan
Kucheriavyi;Igor
Pivovar;Ekaterina
Pyatkin;Arseniy
Shchepetkin;Semen
Mashkina;Vera
Abrutsevich;Vladimir
Mashkin;Aleksandr
Kucheriavyi;Evgeniy
Perepechkin;Aleksey
Fedulov;Andrey
Korchitsky;Sergey
Kasperovich;Andrey
Pyatunin;Alexander
Obukhov;Lel
Che;Ilya
Savchenko;Asia
Sin;Albert
Muravskii;Mikhail
Chesnokova;Anna
Gilyov;Makar
Mashkina;Polina
Boikov;Leonid
Kostromina;Sofia
Antonov;Dmitriy
Klimova;Marianna
Shtatolkin;Evgeniy
Zapara;Victor
Postnikov;Mikhail
Khrushcheva;Svetlana
Pokrovsky;Petr
Khromenkov;Igor
Shteinberg;Yeoshua
Ryltsov;Fedor
Sterlikov;Dmitry
Gamerskiy;Vladimir
Rubtsova;Ekaterina
Vasiliev;Nikolay
Larionov;Andrey
Vasiliev;Timofey
Kuznetsov;Egor
Gorshkov;Makar
Andreev;Aldar
Andreev;Bulat
Larionov;Damir
Pershina;Mariia
Podyryaka;Sofya
Dyakov;Iosif
Sterlikov;Maksim
Gorshkov;Nikolay
Gidlevsky;Marius
Ustinovich;Vitaly
Afonin;Dmitry
Butsko;Alexey
Larionov;Bogdan
Lysenka;Sergey
Todua;Dariko
Chernashevich;Dmitry
Kashchionok;Vladislav
Savich;Boris
Ryabov;Yury
Kovalevsky;Vladislav
Syrkin;Dmitry
Syrkin;Lev
Moskvin;Mark
Rakov;Yaroslav
Klochkova;Uliana
Pershin;Ilia
Zagorsky;Daniel
Smirnov;Kirill
Cherikov;Daniil
Dorofeev;Gleb
Zagorsky;Mikhael
Mallabaev;Azamat
Leshchenko;Kirill
Vaskov;Konstantin
Sinyaeva;Marina
Antonova;Viktoria
Myachin;Andrey
Chesnokov;Vladimir
Degtyarev;Ruslan
Yumankin;Oleg
Lysenka;Alexey
Nikitin;Timofey
Kiryushenkov;Ivan
Kopotilova;Elina
Chistova;Alexandra
Uzyanbaev;Emil
Dabaeva;Marina
Andriyanova;Diana
Moskera;Adrian
Khusheev;Tamir
Aglicheeva;Yana
Errera;Khaver
Ryabov;Yury
Magomedov;Abid
Tojiev;Abdughaffor
Miftakhdinova;Polina
Fedotova;Elizabeth
Ershova;Viktoria
Ershov;Konstantin
Telegin;Sergey
Tkachenok;Nikita
Strelov;Gleb
Timerkhanov;Roman
Matyunin;Evgeny
Zayats;Alexey
Russiyanova;Marusya
Krivosheev;Andrei
Popovich;Alexander
Purvin;Lev
Chetverikov;Daniil
Naito;Takuo
Mansurov;Ruslan
Butsko;Feodosiy
Shapovalov;Konstantin
Dyatkinskiy;Dmitriy
Pokamestov;Dmitry
Shapovalova;Polina
Polyudchenkov;Igor
Shapovalov;Egor
Stankevich;Konstantin
Shaklein;Artem
Baskov;Vladimir
Elonyshev;Andrei
Elonyshev;Igor
Zhuk;Daniil
Yarosh;Egor
Timoshek;Efim
Zelenskij;Valentin
Chukhachev;Vladimir
Chkhan;Viktoria
Metelkin;Matvej
Ejdis;Dmitrij
Trunov;Artem
Ivanov;Andrej
Palej;Evgenij
Ganzha;Konstantin
Bogatyryov;Andrej
Kacejko;Vladislav
Bondar;Aleksej
Volodko;Daniil
Nikitin;Ilya
Sidorenkov;Vladislav
Skomorohov;Andrej
Delekh;Andrej
Borisenko;Egor
Arhipov;Artyom
Peshkov;Demid
Zhuravlyov;Ilya
Sklyarov;Sergey
Andreev;Andrej
Husnulgatin;Artem
Den;Dmitrij
Gon;Alina
Gon;Anita
Gileva;Varvara
Krivets;Sergey
Maidel;Anton
Strakhov;Ilia
Tokareva;Yana
Ikonnikov;Maxim
Vizerov;Timofey
Vinogradov;Anton
Trembach;Alexander
Antanyazov;Kirill
Mustin;Andrey
Kosolap;Elizaveta
Kozlov;Savva
Fedotov;Yaroslav
Frolov;Anatoly
Pastushenko;Aleksandr
Dubina;Galina
Pchelintseva;Elizaveta
Yarilovets;Artyom
Yatskov;Evgenij
Anokhin;Alexander
Belov;Evgeny
Ermilov;Maximilian
